{
    "name": "Distance Damper (Legacy)",
    "keys": [
        {
            "time": 0.0,
            "value": 0.75,
            "inTangent": 0.0,
            "outTangent": 0.4999999701976776,
            "inWeight": 0.0,
            "outWeight": 0.0,
            "weightedMode": 0,
            "tangentMode": 69
        },
        {
            "time": 0.4000000059604645,
            "value": 0.949999988079071,
            "inTangent": 0.4999999701976776,
            "outTangent": 0.08333335071802139,
            "inWeight": 0.0,
            "outWeight": 0.0,
            "weightedMode": 0,
            "tangentMode": 69
        },
        {
            "time": 1.0,
            "value": 1.0,
            "inTangent": 0.08333335071802139,
            "outTangent": 0.0,
            "inWeight": 0.0,
            "outWeight": 0.0,
            "weightedMode": 0,
            "tangentMode": 69
        }
    ],
    "preWrapMode": 8,
    "postWrapMode": 8
}